nome,url
1 Julho Alcoitão,https://www.zerozero.pt/equipa/1-julho-alcoitao/76395
18 de Maio,https://www.zerozero.pt/equipa/18-de-maio/331861
1º Dezembro,https://www.zerozero.pt/equipa/1-dezembro/3543
3 d´Agosto,https://www.zerozero.pt/equipa/3-d-agosto-1885/112742
9 Abril Trajouce,https://www.zerozero.pt/equipa/9-abril-trajouce/12693
A dos Cunhados,https://www.zerozero.pt/equipa/a-dos-cunhados/11170
A-da-Rainha,https://www.zerozero.pt/equipa/a-da-rainha/15982
AA Quinta da Luz,https://www.zerozero.pt/equipa/aa-quinta-da-luz/82309
ABCD Brandoa,https://www.zerozero.pt/equipa/abcd-brandoa/286976
AC Musgueira Sul,https://www.zerozero.pt/equipa/ac-musgueira-sul/252124
ACD São Marcos,https://www.zerozero.pt/equipa/acd-sao-marcos/300116
ACDR Reguengo Grande,https://www.zerozero.pt/equipa/acdr-reguengo-grande/313406
ACO,https://www.zerozero.pt/equipa/aco/286974
ACR Carvalhal,https://www.zerozero.pt/equipa/acr-carvalhal/228806
ACRD Furadouro,https://www.zerozero.pt/equipa/acrd-furadouro/11172
ACSA,https://www.zerozero.pt/equipa/acsa/286975
AD Amadora,https://www.zerozero.pt/equipa/ad-amadora/235452
AD Barra,https://www.zerozero.pt/equipa/ad-barra/113029
AD Conquistadores,https://www.zerozero.pt/equipa/ad-conquistadores/266443
AD Oeiras,https://www.zerozero.pt/equipa/ad-oeiras/3936
AD Pastéis,https://www.zerozero.pt/equipa/ad-pasteis/239755
AD Quinta da Luz,https://www.zerozero.pt/equipa/ad-quinta-da-luz/64570
AD Vermelha,https://www.zerozero.pt/equipa/ad-vermelha/303271
ADCEO,https://www.zerozero.pt/equipa/adceo/11192
ADCR Bairro da Boavista,https://www.zerozero.pt/equipa/adcr-bairro-da-boavista/277608
ADCR Moradores Idanha,https://www.zerozero.pt/equipa/adcr-moradores-idanha/287010
ADJ Ajudense,https://www.zerozero.pt/equipa/adj-ajudense/57988
ADM Bicesse,https://www.zerozero.pt/equipa/adm-bicesse/286025
ADR Achada,https://www.zerozero.pt/equipa/adr-achada/74299
ADR Bairro Fraternidade,https://www.zerozero.pt/equipa/adr-bairro-fraternidade/292054
ADR Paraíso,https://www.zerozero.pt/equipa/adr-paraiso/311726
AF Lisboa,https://www.zerozero.pt/equipa/af-lisboa/69259
AM Torres Bela Vista,https://www.zerozero.pt/equipa/am-torres-bela-vista/287025
AMSAC,https://www.zerozero.pt/equipa/amsac/276416
APSS Esp. Ponte Bica,https://www.zerozero.pt/equipa/apss-esp-ponte-bica/310336
ARC Santa Cruz,https://www.zerozero.pt/equipa/arc-santa-cruz/62338
ATM Bairro Lóios,https://www.zerozero.pt/equipa/atm-bairro-loios/287033
Abrunheira - URCA,https://www.zerozero.pt/equipa/abrunheira-urca/15968
Abóboda,https://www.zerozero.pt/equipa/aboboda/12819
Acad. Ciências,https://www.zerozero.pt/equipa/acad-ciencias/286097
Academia 1 Setembro,https://www.zerozero.pt/equipa/academia-1-setembro-1867/303329
Academia Alcoitão,https://www.zerozero.pt/equipa/academia-alcoitao/220109
Académica OAF,https://www.zerozero.pt/equipa/academica-oaf/19
Académica Timor,https://www.zerozero.pt/equipa/academica-timor/310670
Académico,https://www.zerozero.pt/equipa/academico/2181
Académico de Loures,https://www.zerozero.pt/equipa/academico-de-loures/57216
Acb S. Ant. Varatojo,https://www.zerozero.pt/equipa/acb-s-ant-varatojo/317941
Acd Estrelas Serra Branca,https://www.zerozero.pt/equipa/acd-estrelas-serra-branca/303216
Acr Charquinho,https://www.zerozero.pt/equipa/acr-charquinho/303335
Ad Estrela,https://www.zerozero.pt/equipa/ad-estrela/311542
Ad São Marcos,https://www.zerozero.pt/equipa/ad-sao-marcos/287009
Adcs Parque Res. Vialonga,https://www.zerozero.pt/equipa/adcs-parque-res-vialonga/311575
Adr Marítimo Atalaia,https://www.zerozero.pt/equipa/adr-maritimo-atalaia/318621
Adrc Melh. Dois Portos,https://www.zerozero.pt/equipa/adrc-melh-dois-portos/321546
Ae Ext. Nac. Moscavide,https://www.zerozero.pt/equipa/ae-ext-nac-moscavide/310347
Ae Fac. Medicina Lisboa,https://www.zerozero.pt/equipa/ae-fac-medicina-lisboa/310686
Afs,https://www.zerozero.pt/equipa/afs/296012
Agdr Magriços,https://www.zerozero.pt/equipa/agdr-magricos/303459
Agualva,https://www.zerozero.pt/equipa/agualva/6102
Aj Sacramento,https://www.zerozero.pt/equipa/aj-sacramento/310236
Ajudense,https://www.zerozero.pt/equipa/ajudense-fc/92441
Albarraque,https://www.zerozero.pt/equipa/albarraque/11186
Albertino H. Silva Lda,https://www.zerozero.pt/equipa/albertino-h-silva-lda/310781
Alcainça,https://www.zerozero.pt/equipa/alcainca-ac/11197
Alenquer e Benfica,https://www.zerozero.pt/equipa/alenquer-e-benfica/3905
Alfornelos,https://www.zerozero.pt/equipa/alfornelos/286981
Alfornelos,https://www.zerozero.pt/equipa/alfornelos/292115
Algés,https://www.zerozero.pt/equipa/alges/10876
Alhandra,https://www.zerozero.pt/equipa/alhandra/11608
Almargense,https://www.zerozero.pt/equipa/almargense/57761
Alta de Lisboa,https://www.zerozero.pt/equipa/alta-de-lisboa/3963
Alto Eira,https://www.zerozero.pt/equipa/alto-eira/287014
Alvalade,https://www.zerozero.pt/equipa/alvalade/11196
Alverca City,https://www.zerozero.pt/equipa/alverca-city/57459
Am Casal Novo Caneças,https://www.zerozero.pt/equipa/am-casal-novo-canecas/287023
Amadora Clube,https://www.zerozero.pt/equipa/amadora-clube/36420
Amavita,https://www.zerozero.pt/equipa/amavita/50659
Amigos Luz,https://www.zerozero.pt/equipa/amigos-luz/292065
Andorinha,https://www.zerozero.pt/equipa/andorinha-fc/311677
Anjos Desportivo Clube,https://www.zerozero.pt/equipa/anjos-desportivo-clube/62607
Ap Quinta Serra,https://www.zerozero.pt/equipa/ap-quinta-serra/321166
Apelaçonense,https://www.zerozero.pt/equipa/apelaconense/332293
Ar Leais Amigos,https://www.zerozero.pt/equipa/ar-leais-amigos/321666
Ar Pocariça,https://www.zerozero.pt/equipa/ar-pocarica/311686
Arc Praia Assenta,https://www.zerozero.pt/equipa/arc-praia-assenta/321549
Arcd Bairro Santiago,https://www.zerozero.pt/equipa/arcd-bairro-santiago/303085
Arneiros,https://www.zerozero.pt/equipa/arneiros/11178
Arroios,https://www.zerozero.pt/equipa/arroios/11611
Arrudense,https://www.zerozero.pt/equipa/arrudense/12775
Arsenal,https://www.zerozero.pt/equipa/arsenal-72/15002
Ases Alto Pina,https://www.zerozero.pt/equipa/ases-alto-pina/310684
Ass. Mor. Familiar,https://www.zerozero.pt/equipa/ass-mor-familiar/322267
Ass. Mor. Lugar Ereira,https://www.zerozero.pt/equipa/ass-mor-lugar-ereira/321236
Assoc. Charneca,https://www.zerozero.pt/equipa/assoc-charneca/10855
Assoc. Torre,https://www.zerozero.pt/equipa/assoc-torre/3962
Associação Murteirense,https://www.zerozero.pt/equipa/associacao-murteirense/28970
At. Malveira,https://www.zerozero.pt/equipa/at-malveira/3558
At. Povoense,https://www.zerozero.pt/equipa/at-povoense/3881
At. Tojal,https://www.zerozero.pt/equipa/at-tojal/10223
Atibá,https://www.zerozero.pt/equipa/atiba/16033
Atl. Cl. Sacavém,https://www.zerozero.pt/equipa/atl-cl-sacavem/311644
Atlético CP,https://www.zerozero.pt/equipa/atletico-cp/2170
Atlético Cacém,https://www.zerozero.pt/equipa/atletico-cacem/3880
Atlético da Encarnação,https://www.zerozero.pt/equipa/atletico-da-encarnacao/83744
Aveiras,https://www.zerozero.pt/equipa/aveiras/15464
Azambuja,https://www.zerozero.pt/equipa/azambuja/21199
Bairro Dona Leonor,https://www.zerozero.pt/equipa/bairro-dona-leonor/15966
Bairro Flamenga,https://www.zerozero.pt/equipa/bairro-flamenga/287022
Bairro São João,https://www.zerozero.pt/equipa/bairro-sao-joao/15985
Bairro da Soda,https://www.zerozero.pt/equipa/bairro-da-soda/57469
Barreiralvense,https://www.zerozero.pt/equipa/barreiralvense/11202
Barril,https://www.zerozero.pt/equipa/barril/36607
Barroense,https://www.zerozero.pt/equipa/barroense/286973
Beira-Mar,https://www.zerozero.pt/equipa/beira-mar/2
Belenenses,https://www.zerozero.pt/equipa/belenenses/3
Benfica,https://www.zerozero.pt/equipa/benfica/22
Benfica Cadaval,https://www.zerozero.pt/equipa/benfica-cadaval/286122
Biba,https://www.zerozero.pt/equipa/biba-cd/321198
Bless Academy,https://www.zerozero.pt/equipa/bless-academy/260932
Boa-Hora,https://www.zerozero.pt/equipa/boa-hora/209924
Boavista,https://www.zerozero.pt/equipa/boavista/5
Bobadelense,https://www.zerozero.pt/equipa/bobadelense/11206
Bocal,https://www.zerozero.pt/equipa/bocal/11200
Bons Dias,https://www.zerozero.pt/equipa/bons-dias/333912
Botica,https://www.zerozero.pt/equipa/botica-fc/287034
Braga,https://www.zerozero.pt/equipa/braga/2460
Bragadense,https://www.zerozero.pt/equipa/bragadense/57746
C. Formação Desportiva,https://www.zerozero.pt/equipa/c-formacao-desportiva/310414
C2foot,https://www.zerozero.pt/equipa/c2foot/98236
CA Olivais,https://www.zerozero.pt/equipa/ca-olivais/286862
CAA,https://www.zerozero.pt/equipa/caa/330669
CAC,https://www.zerozero.pt/equipa/cac/3935
CAD,https://www.zerozero.pt/equipa/cad/50698
CB Agualva Cacém,https://www.zerozero.pt/equipa/cb-agualva-cacem/36427
CB Alverca,https://www.zerozero.pt/equipa/cb-alverca/37061
CB Castanheira Ribatejo,https://www.zerozero.pt/equipa/cb-castanheira-ribatejo/105410
CB Loures,https://www.zerozero.pt/equipa/cb-loures/100986
CB Torres Vedras,https://www.zerozero.pt/equipa/cb-torres-vedras/95747
CCAV Lisboa,https://www.zerozero.pt/equipa/ccav-lisboa/322067
CCD Caxias,https://www.zerozero.pt/equipa/ccd-caxias/310351
CCD Rádio Marconi,https://www.zerozero.pt/equipa/ccd-radio-marconi/310558
CCR Bairro Girassol,https://www.zerozero.pt/equipa/ccr-bairro-girassol/306538
CD Belas,https://www.zerozero.pt/equipa/cd-belas/10219
CD Charneca,https://www.zerozero.pt/equipa/cd-charneca/61197
CD Mafra,https://www.zerozero.pt/equipa/cd-mafra/3696
CD Os Académicos,https://www.zerozero.pt/equipa/cd-os-academicos/287045
CD Palhavã,https://www.zerozero.pt/equipa/cd-palhava/58029
CD Reguengo,https://www.zerozero.pt/equipa/cd-reguengo/45326
CDCR Moinhos Funcheira,https://www.zerozero.pt/equipa/cdcr-moinhos-funcheira/287048
CDR Massamá,https://www.zerozero.pt/equipa/cdr-massama/12233
CDRC Lobos Planalto,https://www.zerozero.pt/equipa/cdrc-lobos-planalto/303228
CDUL,https://www.zerozero.pt/equipa/cdul/50740
CE Salesiano,https://www.zerozero.pt/equipa/ce-salesiano/278487
CEUL,https://www.zerozero.pt/equipa/ceul/303314
CF Chelas,https://www.zerozero.pt/equipa/cf-chelas/24788
CF Queijas,https://www.zerozero.pt/equipa/cf-queijas/310388
CF Sassoeiros,https://www.zerozero.pt/equipa/cf-sassoeiros/112741
CF Unidos,https://www.zerozero.pt/equipa/cf-unidos/2188
CIF,https://www.zerozero.pt/equipa/cif/15570
CMF Janitas,https://www.zerozero.pt/equipa/cmf-janitas/65203
CP Alcoentre,https://www.zerozero.pt/equipa/cp-alcoentre/317918
CPCD,https://www.zerozero.pt/equipa/cpcd/287709
CR Foot,https://www.zerozero.pt/equipa/cr-foot/66123
CR Monte Pedral,https://www.zerozero.pt/equipa/cr-monte-pedral/303484
CR Pontinhense,https://www.zerozero.pt/equipa/cr-pontinhense/303487
CR Sapataria,https://www.zerozero.pt/equipa/cr-sapataria/57715
CR Vida,https://www.zerozero.pt/equipa/cr-vida/287543
CR Águias Aeroporto,https://www.zerozero.pt/equipa/cr-aguias-aeroporto/303308
CS Pedrouços,https://www.zerozero.pt/equipa/cs-pedroucos/303492
CSD Bairro da Boavista,https://www.zerozero.pt/equipa/csd-bairro-da-boavista/74820
CSPD Sobralinho,https://www.zerozero.pt/equipa/cspd-sobralinho/57467
Ca Além Caneças,https://www.zerozero.pt/equipa/ca-alem-canecas/287035
Ca Cascalheira,https://www.zerozero.pt/equipa/ca-cascalheira/311510
Ca Chelas,https://www.zerozero.pt/equipa/ca-chelas/311540
Cabedense,https://www.zerozero.pt/equipa/cabedense/99672
Cabeça Gorda T. Vedras,https://www.zerozero.pt/equipa/cabeca-gorda-t-vedras/12776
Cadaval,https://www.zerozero.pt/equipa/cadaval/11175
Calhariz Benfica,https://www.zerozero.pt/equipa/calhariz-benfica/332660
Campelense,https://www.zerozero.pt/equipa/campelense/11171
Campinense,https://www.zerozero.pt/equipa/campinense-fc/309683
Campo de Ourique,https://www.zerozero.pt/equipa/campo-de-ourique/17327
Caneças,https://www.zerozero.pt/equipa/canecas/11208
Canoa Fc Oeiras,https://www.zerozero.pt/equipa/canoa-fc-oeiras/310643
Carcavelinhos,https://www.zerozero.pt/equipa/carcavelinhos/2187
Carcavelos,https://www.zerozero.pt/equipa/carcavelos-sc/61287
Carcavelos,https://www.zerozero.pt/equipa/carcavelos/11193
Carcavelos Club,https://www.zerozero.pt/equipa/carcavelos-club/61286
Cardosas,https://www.zerozero.pt/equipa/cardosas/24852
Carenque,https://www.zerozero.pt/equipa/carenque/17117
Carnaxide,https://www.zerozero.pt/equipa/carnaxide-sc/311734
Carnide Clube,https://www.zerozero.pt/equipa/carnide-clube/15980
Carregado,https://www.zerozero.pt/equipa/carregado/3571
Casa Benfica Tires,https://www.zerozero.pt/equipa/casa-benfica-tires/287039
Casa Pia,https://www.zerozero.pt/equipa/casa-pia-ac/2412
Casa Pia,https://www.zerozero.pt/equipa/casa_pia/2543
Casa Povo Aveiras Cima,https://www.zerozero.pt/equipa/casa-povo-aveiras-cima/287040
Casal Mira,https://www.zerozero.pt/equipa/casal-mira/286977
Casalinhense,https://www.zerozero.pt/equipa/casalinhense/11180
Caselas,https://www.zerozero.pt/equipa/caselas-fc/210091
Caselenese,https://www.zerozero.pt/equipa/caselenese-fc/311691
Castelo,https://www.zerozero.pt/equipa/castelo/74910
Castelo Forte,https://www.zerozero.pt/equipa/castelo-forte/15569
Catujal Benfica,https://www.zerozero.pt/equipa/catujal-benfica/310370
Catujalense,https://www.zerozero.pt/equipa/catujalense/12544
Caxienses,https://www.zerozero.pt/equipa/caxienses/331053
Ccdr Madorna,https://www.zerozero.pt/equipa/ccdr-madorna/303162
Ccr Os Pescadores Cambelas,https://www.zerozero.pt/equipa/ccr-os-pescadores-cambelas/287542
Ccr Paiol,https://www.zerozero.pt/equipa/ccr-paiol/311658
Cd Arneiro,https://www.zerozero.pt/equipa/cd-arneiro/309548
Cd Católico Portugal,https://www.zerozero.pt/equipa/cd-catolico-portugal/311732
Cd Cá-Te-Espero,https://www.zerozero.pt/equipa/cd-ca-te-espero/310407
Cd Leais Beira Olivais Sul,https://www.zerozero.pt/equipa/cd-leais-beira-olivais-sul/311684
Cd Sera Luz,https://www.zerozero.pt/equipa/cd-sera-luz/310719
Cdr Olivais Velho,https://www.zerozero.pt/equipa/cdr-olivais-velho/320834
Cduc Bairro Angola,https://www.zerozero.pt/equipa/cduc-bairro-angola/311707
Central,https://www.zerozero.pt/equipa/central-32/48631
Centro Ribamar,https://www.zerozero.pt/equipa/centro-ribamar/15975
Cerca,https://www.zerozero.pt/equipa/cerca/11179
Cf Abades,https://www.zerozero.pt/equipa/cf-abades/311745
Cf Os Ases,https://www.zerozero.pt/equipa/cf-os-ases/303300
Cf Sta. Catarina,https://www.zerozero.pt/equipa/cf-sta-catarina/287050
Chaves,https://www.zerozero.pt/equipa/chaves/2470
Cheganças,https://www.zerozero.pt/equipa/chegancas/11173
Chelas,https://www.zerozero.pt/equipa/chelas-fc/58087
Cheleirense,https://www.zerozero.pt/equipa/cheleirense/11204
Chinquilho Cruzeirense,https://www.zerozero.pt/equipa/chinquilho-cruzeirense/303161
Cj Os Artilheiros,https://www.zerozero.pt/equipa/cj-os-artilheiros/310721
Cl. Estrelas Campolide,https://www.zerozero.pt/equipa/cl-estrelas-campolide/310641
Cl. Junqueiro,https://www.zerozero.pt/equipa/cl-junqueiro-1979/311737
Cl. Leões Fonte,https://www.zerozero.pt/equipa/cl-leoes-fonte/287053
Club Lisbonense,https://www.zerozero.pt/equipa/club-lisbonense/61285
Clube,https://www.zerozero.pt/equipa/clube-1831/311738
Clube Carvoeira,https://www.zerozero.pt/equipa/clube-carvoeira/69764
Clube Pessoal Cme,https://www.zerozero.pt/equipa/clube-pessoal-cme/310263
Clube PlaySports,https://www.zerozero.pt/equipa/clube-playsports/232106
Clube TAP,https://www.zerozero.pt/equipa/clube-tap/210089
Clube Urban Park,https://www.zerozero.pt/equipa/clube-urban-park/244811
Clube da Linha,https://www.zerozero.pt/equipa/clube-da-linha/16155
Clube de Carnaxide,https://www.zerozero.pt/equipa/clube-de-carnaxide/57319
Colinas Cruzeiro,https://www.zerozero.pt/equipa/colinas-cruzeiro/253905
Colégio Monte Maior,https://www.zerozero.pt/equipa/colegio-monte-maior/37063
Colégio Pedro Arrupe,https://www.zerozero.pt/equipa/colegio-pedro-arrupe/95972
Colégio SCM Lisboa,https://www.zerozero.pt/equipa/colegio-scm-lisboa/88555
Comercial,https://www.zerozero.pt/equipa/comercial-fc/58289
Conc. Musical 1 Junho,https://www.zerozero.pt/equipa/conc-musical-1-junho-1914/310555
Conde Oeiras,https://www.zerozero.pt/equipa/conde-oeiras/55805
Confecções Biba,https://www.zerozero.pt/equipa/confeccoes-biba/303349
Coop. Prod. Cons. Alcântara,https://www.zerozero.pt/equipa/coop-prod-cons-alcantara/310486
Correio da Manhã,https://www.zerozero.pt/equipa/correio-da-manha/287583
Corvos XXI,https://www.zerozero.pt/equipa/corvos-xxi/112738
Cosmos Buraca,https://www.zerozero.pt/equipa/cosmos-buraca/303331
Costa do Estoril,https://www.zerozero.pt/equipa/costa-do-estoril-/244043
Costa do Sol,https://www.zerozero.pt/equipa/costa-do-sol/16027
Coutada,https://www.zerozero.pt/equipa/coutada/11182
Cova da Moura,https://www.zerozero.pt/equipa/cova-da-moura/57712
Covas Ferro,https://www.zerozero.pt/equipa/covas-ferro/57502
Cp Bairro Liberdade,https://www.zerozero.pt/equipa/cp-bairro-liberdade/311752
Cpr Cultura Bairro,https://www.zerozero.pt/equipa/cpr-cultura-bairro/311665
Cr Anjos,https://www.zerozero.pt/equipa/cr-anjos/310176
Cr Atl. Algés,https://www.zerozero.pt/equipa/cr-atl-alges/310508
Cr Leões Fc Odivelas,https://www.zerozero.pt/equipa/cr-leoes-fc-odivelas/303212
Crc Albergaria-A-Velha,https://www.zerozero.pt/equipa/crc-albergaria-a-velha/310668
Crd Armadorense,https://www.zerozero.pt/equipa/crd-armadorense/309582
Crd Buraca,https://www.zerozero.pt/equipa/crd-buraca/287061
Crd Santas Martas,https://www.zerozero.pt/equipa/crd-santas-martas/321649
Crj Chelense,https://www.zerozero.pt/equipa/crj-chelense/321682
Cruz Negra,https://www.zerozero.pt/equipa/cruz-negra/54321
Cruz Quebrada,https://www.zerozero.pt/equipa/cruz-quebrada/58050
Cruzeirense,https://www.zerozero.pt/equipa/cruzeirense-ac/310194
Cs Abelheira,https://www.zerozero.pt/equipa/cs-abelheira/318620
Cs Lisboa Reboleira,https://www.zerozero.pt/equipa/cs-lisboa-reboleira/303367
Csrd Vila Chã,https://www.zerozero.pt/equipa/csrd-vila-cha/311657
Cultura-Merceana,https://www.zerozero.pt/equipa/cultura-merceana/287062
DC Linha,https://www.zerozero.pt/equipa/dc-linha/287064
Dagorda,https://www.zerozero.pt/equipa/dagorda/99746
Damaia GC,https://www.zerozero.pt/equipa/damaia-gc/17114
Damaiense,https://www.zerozero.pt/equipa/damaiense/11188
Del Negro,https://www.zerozero.pt/equipa/del-negro/17554
Desp. Cl. Carmo,https://www.zerozero.pt/equipa/desp-cl-carmo/311702
Desp. Monte Real,https://www.zerozero.pt/equipa/desp-monte-real/310399
Desportivo Chelas,https://www.zerozero.pt/equipa/desportivo-chelas/12694
Desportivo O. Moscavide,https://www.zerozero.pt/equipa/desportivo-o-moscavide/3700
Desportivo P. Nações,https://www.zerozero.pt/equipa/desportivo-p-nacoes/220993
Dj Mira-Sintra,https://www.zerozero.pt/equipa/dj-mira-sintra/287544
Dois Maio,https://www.zerozero.pt/equipa/dois-maio/15974
Domingos Sávio,https://www.zerozero.pt/equipa/domingos-savio/11189
Dínamo Massamá,https://www.zerozero.pt/equipa/dinamo-massama-fc/303455
EAS Algés,https://www.zerozero.pt/equipa/eas-alges/30726
EAS Alta de Lisboa,https://www.zerozero.pt/equipa/eas-alta-de-lisboa/18492
EAS CIF,https://www.zerozero.pt/equipa/eas-cif/18459
EAS Cacém,https://www.zerozero.pt/equipa/eas-cacem/18498
EAS Carcavelos,https://www.zerozero.pt/equipa/eas-carcavelos/18586
EAS Carnide,https://www.zerozero.pt/equipa/eas-carnide/86506
EAS Estoril,https://www.zerozero.pt/equipa/eas-estoril/30728
EAS Loures,https://www.zerozero.pt/equipa/eas-loures/31379
EAS Manique,https://www.zerozero.pt/equipa/eas-manique/18104
EAS Póvoa de Santa Iria,https://www.zerozero.pt/equipa/eas-povoa-de-santa-iria/18592
EAS Sintra,https://www.zerozero.pt/equipa/eas-sintra/113025
EAS Sintra (Extinto),https://www.zerozero.pt/equipa/eas-sintra-extinto-/18462
EAS Telheiras,https://www.zerozero.pt/equipa/eas-telheiras/247549
EAS Torres Vedras,https://www.zerozero.pt/equipa/eas-torres-vedras/18489
EF Belém Algés,https://www.zerozero.pt/equipa/ef-belem-alges/278564
EF Belém Estádio Restelo,https://www.zerozero.pt/equipa/ef-belem-estadio-restelo/114516
EF Belém Lisboa Centro,https://www.zerozero.pt/equipa/ef-belem-lisboa-centro/224241
EF Belém Mem Martins,https://www.zerozero.pt/equipa/ef-belem-mem-martins/223598
EF Belém Odivelas,https://www.zerozero.pt/equipa/ef-belem-odivelas/95745
EF Belém Parque das Nações,https://www.zerozero.pt/equipa/ef-belem-parque-das-nacoes/224220
EF Belém Queluz,https://www.zerozero.pt/equipa/ef-belem-queluz/224332
EF Benfica Estádio Luz,https://www.zerozero.pt/equipa/ef-benfica-estadio-luz/114676
EF Benfica Oeiras,https://www.zerozero.pt/equipa/ef-benfica-oeiras/106847
EF Benfica Olivais/Expo,https://www.zerozero.pt/equipa/ef-benfica-olivais-expo/223904
EFBO,https://www.zerozero.pt/equipa/efbo/223597
Egc Serra Minas,https://www.zerozero.pt/equipa/egc-serra-minas/303450
Encarnacense,https://www.zerozero.pt/equipa/encarnacense/3966
Enxara do Bispo,https://www.zerozero.pt/equipa/enxara-do-bispo/35458
Ep Prof. Delfim Santos,https://www.zerozero.pt/equipa/ep-prof-delfim-santos/303475
Equipa Amizade,https://www.zerozero.pt/equipa/equipa-amizade/335696
Ericeirense,https://www.zerozero.pt/equipa/ericeirense/3957
Esc. Fut. Artur Taira,https://www.zerozero.pt/equipa/esc-fut-artur-taira/41180
Esc. Fut. Benfica Cascais,https://www.zerozero.pt/equipa/esc-fut-benfica-cascais/235032
Escaravilheira,https://www.zerozero.pt/equipa/escaravilheira/18072
Escola Clube Portugal,https://www.zerozero.pt/equipa/escola-clube-portugal/309657
Escorpiões,https://www.zerozero.pt/equipa/escorpioes/287594
Escorpiões Audazes,https://www.zerozero.pt/equipa/escorpioes-audazes/276242
Esp. Ponte Bica,https://www.zerozero.pt/equipa/esp-ponte-bica/310335
Esperanças,https://www.zerozero.pt/equipa/esperancas-fc/310511
Esperanças Alcoitão,https://www.zerozero.pt/equipa/esperancas-alcoitao/287550
Espírito Santo Odivelas,https://www.zerozero.pt/equipa/espirito-santo-odivelas/287056
Est. Amadora,https://www.zerozero.pt/equipa/est-amadora/253884
Estoril & Xixo,https://www.zerozero.pt/equipa/estoril-xixo/40093
Estoril Atlético,https://www.zerozero.pt/equipa/estoril-atletico/12820
Estoril Praia,https://www.zerozero.pt/equipa/estoril-praia/1734
Estrelas S.J. Brito,https://www.zerozero.pt/equipa/estrelas-s-j-brito/334416
Estrelas da Avenida,https://www.zerozero.pt/equipa/estrelas-da-avenida/209965
Estrelas de Sassoeiros,https://www.zerozero.pt/equipa/estrelas-de-sassoeiros/330875
FC Altinho,https://www.zerozero.pt/equipa/fc-altinho/334289
FC Alverca,https://www.zerozero.pt/equipa/fc-alverca/1
FC Cascais,https://www.zerozero.pt/equipa/fc-cascais/25301
FC Curas,https://www.zerozero.pt/equipa/fc-curas/287068
FC Despertar,https://www.zerozero.pt/equipa/fc-despertar/15003
FC Lisboa,https://www.zerozero.pt/equipa/fc-lisboa/287069
FC Ota,https://www.zerozero.pt/equipa/fc-ota/11174
FC São Brás,https://www.zerozero.pt/equipa/fc-sao-bras/287551
Falagueira,https://www.zerozero.pt/equipa/falagueira/287067
Falcons,https://www.zerozero.pt/equipa/falcons/264682
Fanhões,https://www.zerozero.pt/equipa/fanhoes/3906
Farense,https://www.zerozero.pt/equipa/farense/10
Fc Arouca,https://www.zerozero.pt/equipa/fc-arouca/3555
Fc Café Pocaricense,https://www.zerozero.pt/equipa/fc-cafe-pocaricense/303347
Fc Famalicao,https://www.zerozero.pt/equipa/fc-famalicao/2175
Fc Kabulake Timor,https://www.zerozero.pt/equipa/fc-kabulake-timor/310727
Fc Penafiel,https://www.zerozero.pt/equipa/fc-penafiel/30
Fc Ribadense,https://www.zerozero.pt/equipa/fc-ribadense/311105
Fc Vizela,https://www.zerozero.pt/equipa/fc-vizela/2197
Fcr Azinhagas,https://www.zerozero.pt/equipa/fcr-azinhagas/311517
Feirense,https://www.zerozero.pt/equipa/feirense/1728
Filc Int Lisb C Desportivo,https://www.zerozero.pt/equipa/filc-int-lisb-c-desportivo/287552
Fogueteirense,https://www.zerozero.pt/equipa/fogueteirense/259424
Fonsecas e Calçada,https://www.zerozero.pt/equipa/fonsecas-e-calcada/57758
Fontainhas,https://www.zerozero.pt/equipa/fontainhas/3907
Fonte Grada,https://www.zerozero.pt/equipa/fonte-grada/11183
Fonte Santense,https://www.zerozero.pt/equipa/fonte-santense/85760
Foot,https://www.zerozero.pt/equipa/foot-21/15964
Football By Carlos Queiroz,https://www.zerozero.pt/equipa/football-by-carlos-queiroz/36017
Footescola,https://www.zerozero.pt/equipa/footescola/58569
Footevolution,https://www.zerozero.pt/equipa/footevolution/267486
Forte da Casa,https://www.zerozero.pt/equipa/forte-da-casa/57760
Frassati,https://www.zerozero.pt/equipa/frassati/21659
Frassati,https://www.zerozero.pt/equipa/frassati/287013
Free Fun Football,https://www.zerozero.pt/equipa/free-fun-football/278669
Freiria,https://www.zerozero.pt/equipa/freiria/7988
Fundação CEBI,https://www.zerozero.pt/equipa/fundacao-cebi/282432
Fundação Salesianos,https://www.zerozero.pt/equipa/fundacao-salesianos/86489
Fut. Benfica,https://www.zerozero.pt/equipa/fut-benfica/3964
Fut. Benfica Musgueira Norte,https://www.zerozero.pt/equipa/fut-benfica-musgueira-norte/310693
Futsal Massamá,https://www.zerozero.pt/equipa/futsal-massama/287554
GCR Estrela Bairro Olaio,https://www.zerozero.pt/equipa/gcr-estrela-bairro-olaio/303319
GCR Murteirense,https://www.zerozero.pt/equipa/gcr-murteirense/10850
GD Bairro Azul,https://www.zerozero.pt/equipa/gd-bairro-azul/306921
GD Leião,https://www.zerozero.pt/equipa/gd-leiao/57730
GD Operário,https://www.zerozero.pt/equipa/gd-operario/311164
GD Operário Alverca,https://www.zerozero.pt/equipa/gd-operario-alverca/311713
GD Quinta Pinheiro,https://www.zerozero.pt/equipa/gd-quinta-pinheiro/287578
GD Ramilux,https://www.zerozero.pt/equipa/gd-ramilux/274074
GD Securitas,https://www.zerozero.pt/equipa/gd-securitas/303219
GD Serra da Vila,https://www.zerozero.pt/equipa/gd-serra-da-vila/114689
GD Turcifal,https://www.zerozero.pt/equipa/gd-turcifal/15567
GD Vialonga,https://www.zerozero.pt/equipa/gd-vialonga/3671
GD Vilarense,https://www.zerozero.pt/equipa/gd-vilarense/8276
GD Zip-Zip,https://www.zerozero.pt/equipa/gd-zip-zip/311574
GDR Murteirense,https://www.zerozero.pt/equipa/gdr-murteirense/287588
GDRC Obra Ardina,https://www.zerozero.pt/equipa/gdrc-obra-ardina/303289
GDS Cascais,https://www.zerozero.pt/equipa/gds-cascais/7943
GM 1.º de Dezembro,https://www.zerozero.pt/equipa/gm-1-de-dezembro/287590
GR Galinheiras,https://www.zerozero.pt/equipa/gr-galinheiras/287595
GRC Famões,https://www.zerozero.pt/equipa/grc-famoes/15901
GRCP Casal do Rato,https://www.zerozero.pt/equipa/grcp-casal-do-rato/287600
GRD Bairro Cruz Vermelha,https://www.zerozero.pt/equipa/grd-bairro-cruz-vermelha/310560
GROB,https://www.zerozero.pt/equipa/grob/334628
GS Loures,https://www.zerozero.pt/equipa/gs-loures/3597
Gc 1.º Maio Queluz,https://www.zerozero.pt/equipa/gc-1-maio-queluz/310656
Gc Alfama,https://www.zerozero.pt/equipa/gc-alfama/321632
Gc Estrelas Amadora,https://www.zerozero.pt/equipa/gc-estrelas-amadora/287555
Gcrd Os Kapas,https://www.zerozero.pt/equipa/gcrd-os-kapas/287556
Gd 2 Maio,https://www.zerozero.pt/equipa/gd-2-maio/309538
Gd Académicos Ermegeira,https://www.zerozero.pt/equipa/gd-academicos-ermegeira/311715
Gd Amigos S. António Cavaleiros,https://www.zerozero.pt/equipa/gd-amigos-s-antonio-cavaleiros/287558
Gd Assenta,https://www.zerozero.pt/equipa/gd-assenta/321552
Gd Bomb. Vol. Alverca,https://www.zerozero.pt/equipa/gd-bomb-vol-alverca/311529
Gd Camba,https://www.zerozero.pt/equipa/gd-camba/310674
Gd Elevadores Fortis,https://www.zerozero.pt/equipa/gd-elevadores-fortis/303647
Gd Joaninhas Leião,https://www.zerozero.pt/equipa/gd-joaninhas-leiao/287563
Gd Jovalto,https://www.zerozero.pt/equipa/gd-jovalto/303473
Gd Jovens Damaia,https://www.zerozero.pt/equipa/gd-jovens-damaia/303423
Gd Leões Alfornel,https://www.zerozero.pt/equipa/gd-leoes-alfornel/310449
Gd Lusitano,https://www.zerozero.pt/equipa/gd-lusitano/303277
Gd Mouraria,https://www.zerozero.pt/equipa/gd-mouraria/310714
Gd Murtalense,https://www.zerozero.pt/equipa/gd-murtalense/310529
Gd O Trabalho - Comp. Seguros,https://www.zerozero.pt/equipa/gd-o-trabalho-comp-seguros/310570
Gd Os Ases,https://www.zerozero.pt/equipa/gd-os-ases/303299
Gd Os Jovens,https://www.zerozero.pt/equipa/gd-os-jovens/301787
Gd Os Nacionais,https://www.zerozero.pt/equipa/gd-os-nacionais/311694
Gd Os Três Unidos Arcos,https://www.zerozero.pt/equipa/gd-os-tres-unidos-arcos/321550
Gd Pedreirense,https://www.zerozero.pt/equipa/gd-pedreirense/287567
Gd Pena,https://www.zerozero.pt/equipa/gd-pena/310547
Gd Penha,https://www.zerozero.pt/equipa/gd-penha/311541
Gd Pessoal Cel Cat,https://www.zerozero.pt/equipa/gd-pessoal-cel-cat/311736
Gd Porto Santo,https://www.zerozero.pt/equipa/gd-porto-santo/287572
Gd Quiminova,https://www.zerozero.pt/equipa/gd-quiminova/310683
Gd S. Eulália,https://www.zerozero.pt/equipa/gd-s-eulalia/311576
Gd Santos,https://www.zerozero.pt/equipa/gd-santos/303322
Gd Trab. Cm Lisboa,https://www.zerozero.pt/equipa/gd-trab-cm-lisboa/310705
Gd Vila Nova Ceira,https://www.zerozero.pt/equipa/gd-vila-nova-ceira/321691
Gd Águias Catujal,https://www.zerozero.pt/equipa/gd-aguias-catujal/310371
Gda Ajuda,https://www.zerozero.pt/equipa/gda-ajuda/287582
Gdc Bairro Angola,https://www.zerozero.pt/equipa/gdc-bairro-angola/303446
Gdc Nova Imagem Algueirão,https://www.zerozero.pt/equipa/gdc-nova-imagem-algueirao/308899
Gdc Os Mouros,https://www.zerozero.pt/equipa/gdc-os-mouros/303479
Gdc Povos,https://www.zerozero.pt/equipa/gdc-povos/287584
Gdc Rangers Damaia,https://www.zerozero.pt/equipa/gdc-rangers-damaia/303422
Gdcr S. João Brito,https://www.zerozero.pt/equipa/gdcr-s-joao-brito/287585
Gdcsrc Maceira,https://www.zerozero.pt/equipa/gdcsrc-maceira/321246
Gdm Recreativo,https://www.zerozero.pt/equipa/gdm-recreativo/311573
Gdr 1 Janeiro,https://www.zerozero.pt/equipa/gdr-1-janeiro/321696
Gdr Armadorense,https://www.zerozero.pt/equipa/gdr-armadorense/309583
Gdr Francos,https://www.zerozero.pt/equipa/gdr-francos/324961
Gdr Os Estrelas Serra Luz,https://www.zerozero.pt/equipa/gdr-os-estrelas-serra-luz/310649
Gdr Papagovas,https://www.zerozero.pt/equipa/gdr-papagovas/322298
Gdr Pomarinho,https://www.zerozero.pt/equipa/gdr-pomarinho/317999
Gdr Vale Grande,https://www.zerozero.pt/equipa/gdr-vale-grande/310385
Gdr Águias Serra Luz,https://www.zerozero.pt/equipa/gdr-aguias-serra-luz/287586
Gdrc Gomes Pereira,https://www.zerozero.pt/equipa/gdrc-gomes-pereira/310565
Gdrc S. Mamede Ventosa,https://www.zerozero.pt/equipa/gdrc-s-mamede-ventosa/321152
Gdu Alegria Estacalense,https://www.zerozero.pt/equipa/gdu-alegria-estacalense/310382
Gec Monte,https://www.zerozero.pt/equipa/gec-monte/321084
Geração Benfica Estádio,https://www.zerozero.pt/equipa/geracao-benfica-estadio/106639
Gilman,https://www.zerozero.pt/equipa/gilman/57994
Ginásio Europa,https://www.zerozero.pt/equipa/ginasio-europa/236215
Gonçalvinhense,https://www.zerozero.pt/equipa/goncalvinhense/334306
Gr Mariapiense,https://www.zerozero.pt/equipa/gr-mariapiense/321674
Gr Quinta Monsenhor,https://www.zerozero.pt/equipa/gr-quinta-monsenhor/303214
Graça,https://www.zerozero.pt/equipa/graca/220157
Grupo Sacavém,https://www.zerozero.pt/equipa/grupo-sacavem/210925
Gs Adicense,https://www.zerozero.pt/equipa/gs-adicense/303231
Gs Chinquilho Junqueirense Giestal,https://www.zerozero.pt/equipa/gs-chinquilho-junqueirense-giestal/303336
Gud Alcabideche,https://www.zerozero.pt/equipa/gud-alcabideche/302910
Humberto Alfaiate,https://www.zerozero.pt/equipa/humberto-alfaiate/321676
ICP,https://www.zerozero.pt/equipa/icp/71406
Igreja Nova,https://www.zerozero.pt/equipa/igreja-nova/6392
Império Anços,https://www.zerozero.pt/equipa/imperio-ancos/11210
Império Cruzeiro,https://www.zerozero.pt/equipa/imperio-cruzeiro/74911
Independente,https://www.zerozero.pt/equipa/independente-fc/311535
Infantado,https://www.zerozero.pt/equipa/infantado/334230
Internacional Lisboa,https://www.zerozero.pt/equipa/internacional-lisboa/217181
Interoeste,https://www.zerozero.pt/equipa/interoeste/263566
Ismailitas,https://www.zerozero.pt/equipa/ismailitas/286340
JD Aires,https://www.zerozero.pt/equipa/jd-aires/303297
JOMA,https://www.zerozero.pt/equipa/joma/302636
Jardim Amoreira,https://www.zerozero.pt/equipa/jardim-amoreira/287314
Jc Massamá,https://www.zerozero.pt/equipa/jc-massama/311735
Jd Caneças,https://www.zerozero.pt/equipa/jd-canecas/322207
Jdr Brandoa,https://www.zerozero.pt/equipa/jdr-brandoa/311755
Jerumelo,https://www.zerozero.pt/equipa/jerumelo/10852
José Mira,https://www.zerozero.pt/equipa/jose-mira/328895
Jovens da Apelação,https://www.zerozero.pt/equipa/jovens-da-apelacao/37062
Juv. Acad. Lisboa,https://www.zerozero.pt/equipa/juv-acad-lisboa/310689
Juv. Horta Nova,https://www.zerozero.pt/equipa/juv-horta-nova/286704
Juv. Vila Fria,https://www.zerozero.pt/equipa/juv-vila-fria/12692
Juventude Belém,https://www.zerozero.pt/equipa/juventude-belem/12308
Juventude Castanheira,https://www.zerozero.pt/equipa/juventude-castanheira/3967
Juventude Uc,https://www.zerozero.pt/equipa/juventude-uc/303495
LC Rio Janeiro,https://www.zerozero.pt/equipa/lc-rio-janeiro/31875
Leceia,https://www.zerozero.pt/equipa/leceia/15977
Leixoes,https://www.zerozero.pt/equipa/leixoes/1727
Leões Porto Salvo,https://www.zerozero.pt/equipa/leoes-porto-salvo/323483
Leões Sto. António,https://www.zerozero.pt/equipa/leoes-sto-antonio/287058
Leões das Furnas,https://www.zerozero.pt/equipa/leoes-das-furnas/287059
Liberdade,https://www.zerozero.pt/equipa/liberdade-ac/112735
Liga de Algés,https://www.zerozero.pt/equipa/liga-de-alges/95774
Linda-a-Velha,https://www.zerozero.pt/equipa/linda-a-velha/7990
Linhó,https://www.zerozero.pt/equipa/linho/95782
Lisboa,https://www.zerozero.pt/equipa/lisboa-sc/32132
Lisboa FC (Campo Grande),https://www.zerozero.pt/equipa/lisboa-fc-campo-grande-/58028
Lisboa FC (Campo Ourique),https://www.zerozero.pt/equipa/lisboa-fc-campo-ourique-/85758
Lisboa e Águias,https://www.zerozero.pt/equipa/lisboa-e-aguias/36522
Lisbon Cricket,https://www.zerozero.pt/equipa/lisbon-cricket/57986
Lourinhanense,https://www.zerozero.pt/equipa/lourinhanense/3598
Lousa,https://www.zerozero.pt/equipa/lousa/11205
Lus. Fc Odivelas,https://www.zerozero.pt/equipa/lus-fc-odivelas/292175
Lus. Penha de França,https://www.zerozero.pt/equipa/lus-penha-de-franca/303283
Lusitano Clube,https://www.zerozero.pt/equipa/lusitano-clube/310289
Lusitânia de Lourosa,https://www.zerozero.pt/equipa/lusitania-de-lourosa/3599
Luta Pela Casa,https://www.zerozero.pt/equipa/luta-pela-casa/16025
MTBA,https://www.zerozero.pt/equipa/mtba/11203
Malveira da Serra,https://www.zerozero.pt/equipa/malveira-da-serra/11185
Manique,https://www.zerozero.pt/equipa/manique/287593
Manique do Intendente,https://www.zerozero.pt/equipa/manique-do-intendente/105413
Manjoeira,https://www.zerozero.pt/equipa/manjoeira/112740
Marista Lisboa,https://www.zerozero.pt/equipa/marista-lisboa/288079
Maristas Carcavelos,https://www.zerozero.pt/equipa/maristas-carcavelos/12691
Marteleira,https://www.zerozero.pt/equipa/marteleira/286303
Marvila Jovem,https://www.zerozero.pt/equipa/marvila-jovem/287060
Marvilense,https://www.zerozero.pt/equipa/marvilense-fc/58259
Marítimo,https://www.zerozero.pt/equipa/maritimo
Matacães,https://www.zerozero.pt/equipa/matacaes/18057
Mem Martins,https://www.zerozero.pt/equipa/mem-martins-sc/6394
Metodologia TOCOF,https://www.zerozero.pt/equipa/metodologia-tocof/106716
Mexerume,https://www.zerozero.pt/equipa/mexerume/11190
Milharado,https://www.zerozero.pt/equipa/milharado/112736
Mira Sintra,https://www.zerozero.pt/equipa/mira-sintra/15319
Mirantense,https://www.zerozero.pt/equipa/mirantense/301098
Miúdos Talentosos,https://www.zerozero.pt/equipa/miudos-talentosos/65175
Moinho Juventude,https://www.zerozero.pt/equipa/moinho-juventude/83669
Monte Agraço,https://www.zerozero.pt/equipa/monte-agraco/11198
Morad. B. 25 Abril Linda-A-Velha,https://www.zerozero.pt/equipa/morad-b-25-abril-linda-a-velha/287030
Moreirense,https://www.zerozero.pt/equipa/moreirense/6
Mucifalense,https://www.zerozero.pt/equipa/mucifalense/10851
Mártir Santo,https://www.zerozero.pt/equipa/martir-santo/244050
NS Alcabideche,https://www.zerozero.pt/equipa/ns-alcabideche/17383
Nacional,https://www.zerozero.pt/equipa/nacional/27
Nobres,https://www.zerozero.pt/equipa/nobres-fc/310306
Nova Morada,https://www.zerozero.pt/equipa/nova-morada/16026
Nova SBE,https://www.zerozero.pt/equipa/nova-sbe/243899
Novar,https://www.zerozero.pt/equipa/novar/310667
Novos Diamantes,https://www.zerozero.pt/equipa/novos-diamantes/299264
Novos Talentos,https://www.zerozero.pt/equipa/novos-talentos/16187
Núcleo Chasa,https://www.zerozero.pt/equipa/nucleo-chasa/17550
Núcleo Sintra,https://www.zerozero.pt/equipa/nucleo-sintra/21398
Núcleo Sport. V. F. Xira,https://www.zerozero.pt/equipa/nucleo-sport-v-f-xira/311528
Odivelas,https://www.zerozero.pt/equipa/odivelas/3616
Oficinas São José,https://www.zerozero.pt/equipa/oficinas-sao-jose/14483
Olivais Sul,https://www.zerozero.pt/equipa/olivais-sul/8368
Onze Unidos,https://www.zerozero.pt/equipa/onze-unidos/287601
Operário Lisboa,https://www.zerozero.pt/equipa/operario-lisboa/12335
Operário Vilafranquense,https://www.zerozero.pt/equipa/operario-vilafranquense/115687
Oriental,https://www.zerozero.pt/equipa/oriental/2176
Oriental Recreativo,https://www.zerozero.pt/equipa/oriental-recreativo/312592
Oriental Recreativo,https://www.zerozero.pt/equipa/oriental-recreativo/289139
Orjariça,https://www.zerozero.pt/equipa/orjarica/26480
Os Ases Avenidas,https://www.zerozero.pt/equipa/os-ases-avenidas/303062
Os Bebés,https://www.zerozero.pt/equipa/os-bebes/310507
Os Bucelenses,https://www.zerozero.pt/equipa/os-bucelenses/3965
Os Cobras Lisboa Cl.,https://www.zerozero.pt/equipa/os-cobras-lisboa-cl-/311693
Os Económicos,https://www.zerozero.pt/equipa/os-economicos/287598
Os Fixes,https://www.zerozero.pt/equipa/os-fixes/16024
Os Fósforos,https://www.zerozero.pt/equipa/os-fosforos/58089
Os Lobinhos,https://www.zerozero.pt/equipa/os-lobinhos/330467
Os Montelavarenses,https://www.zerozero.pt/equipa/os-montelavarenses/7989
Os Patuscos,https://www.zerozero.pt/equipa/os-patuscos/286143
Os Paulenses,https://www.zerozero.pt/equipa/os-paulenses/289173
Os Torpedos,https://www.zerozero.pt/equipa/os-torpedos/112737
Os Vampiros,https://www.zerozero.pt/equipa/os-vampiros/311746
Os Vinhais,https://www.zerozero.pt/equipa/os-vinhais/286229
Outurela,https://www.zerozero.pt/equipa/outurela/11195
PSAAC,https://www.zerozero.pt/equipa/psaac/286318
Palmense,https://www.zerozero.pt/equipa/palmense/10881
Parede,https://www.zerozero.pt/equipa/parede-fc/16157
Paroquial Brandoa,https://www.zerozero.pt/equipa/paroquial-brandoa/49349
Paços de Ferreira,https://www.zerozero.pt/equipa/pacos-de-ferreira/13
Pedra,https://www.zerozero.pt/equipa/pedra/11177
Pero Negro,https://www.zerozero.pt/equipa/pero-negro/99676
Pinheiro Loures,https://www.zerozero.pt/equipa/pinheiro-loures/11199
Pirescôxe,https://www.zerozero.pt/equipa/pirescoxe/112844
Pombais,https://www.zerozero.pt/equipa/pombais-sc/292051
Ponte Frielas,https://www.zerozero.pt/equipa/ponte-frielas/11207
Ponterrolense,https://www.zerozero.pt/equipa/ponterrolense/3969
Portela,https://www.zerozero.pt/equipa/portela/227977
Portimonense,https://www.zerozero.pt/equipa/portimonense/33
Porto,https://www.zerozero.pt/equipa/porto/236
Porto Salvo,https://www.zerozero.pt/equipa/porto-salvo/10879
Portugal Novo,https://www.zerozero.pt/equipa/portugal-novo/287024
Portugal Telecom,https://www.zerozero.pt/equipa/portugal-telecom/209963
Povoense,https://www.zerozero.pt/equipa/povoense-ac/310713
Pregança,https://www.zerozero.pt/equipa/preganca-/15984
Priorenses,https://www.zerozero.pt/equipa/priorenses/287602
Progresso Clube,https://www.zerozero.pt/equipa/progresso-clube/303428
Pêro Pinheiro,https://www.zerozero.pt/equipa/pero-pinheiro/3961
Quinta Dalias,https://www.zerozero.pt/equipa/quinta-dalias/82312
Quinta do Morgado,https://www.zerozero.pt/equipa/quinta-do-morgado/243603
Quinta dos Lombos,https://www.zerozero.pt/equipa/quinta-dos-lombos/286200
Quintanilho,https://www.zerozero.pt/equipa/quintanilho/15890
RD Algueirão,https://www.zerozero.pt/equipa/rd-algueirao/12674
RD Benfica,https://www.zerozero.pt/equipa/rd-benfica/303346
Ramalhal,https://www.zerozero.pt/equipa/ramalhal/12837
Ramiro José,https://www.zerozero.pt/equipa/ramiro-jose/287579
Rangel,https://www.zerozero.pt/equipa/rangel/290481
Rc Falagueira,https://www.zerozero.pt/equipa/rc-falagueira/310447
Rc Os Dragões,https://www.zerozero.pt/equipa/rc-os-dragoes/307298
Rc Santo Amaro,https://www.zerozero.pt/equipa/rc-santo-amaro/310400
Real,https://www.zerozero.pt/equipa/real-sc/3632
Real Benfica,https://www.zerozero.pt/equipa/real-benfica/243708
Real Buraca,https://www.zerozero.pt/equipa/real-buraca/330624
Real Cl. Lisboa,https://www.zerozero.pt/equipa/real-cl-lisboa/311661
Real Futsal Clube,https://www.zerozero.pt/equipa/real-futsal-clube/106530
Real Juventude,https://www.zerozero.pt/equipa/real-juventude-fc/321686
Real Lumiar,https://www.zerozero.pt/equipa/real-lumiar/31872
Real Mafra,https://www.zerozero.pt/equipa/real-mafra/104469
Real Quinta Caxias Ciacdrl,https://www.zerozero.pt/equipa/real-quinta-caxias-ciacdrl/302361
Rebelde Dafundo Cl.,https://www.zerozero.pt/equipa/rebelde-dafundo-cl-/310477
Recordação de Apolo,https://www.zerozero.pt/equipa/recordacao-de-apolo/311524
Recreio Cultura,https://www.zerozero.pt/equipa/recreio-cultura/12675
Rede Vida +,https://www.zerozero.pt/equipa/rede-vida-/86202
Reguilas Tires,https://www.zerozero.pt/equipa/reguilas-tires/295191
Respira O2,https://www.zerozero.pt/equipa/respira-o2/255288
Rfc Fundação,https://www.zerozero.pt/equipa/rfc-fundacao/303489
Ribamar,https://www.zerozero.pt/equipa/ribamar/15568
Ribeira da Lage,https://www.zerozero.pt/equipa/ribeira-da-lage/57727
Ribeira de Palheiros,https://www.zerozero.pt/equipa/ribeira-de-palheiros/258398
Rio de Mouro,https://www.zerozero.pt/equipa/rio-de-mouro/11191
Ro Picheleira,https://www.zerozero.pt/equipa/ro-picheleira/310174
Romeira Scrc,https://www.zerozero.pt/equipa/romeira-scrc/303327
Rossão,https://www.zerozero.pt/equipa/rossao/220182
S. Ant. Cavaleiros,https://www.zerozero.pt/equipa/s-ant-cavaleiros/287055
S. Julião do Tojal,https://www.zerozero.pt/equipa/s-juliao-do-tojal/287581
S. Sebastião Guerreiros,https://www.zerozero.pt/equipa/s-sebastiao-guerreiros/286980
SC Amoreiras,https://www.zerozero.pt/equipa/sc-amoreiras/302844
SC Casainhos,https://www.zerozero.pt/equipa/sc-casainhos/98779
SC Estefânia,https://www.zerozero.pt/equipa/sc-estefania/76054
SC Frielas,https://www.zerozero.pt/equipa/sc-frielas/11201
SC Liberdade,https://www.zerozero.pt/equipa/sc-liberdade/302633
SC Liberdade,https://www.zerozero.pt/equipa/sc-liberdade/330459
SC Livramento,https://www.zerozero.pt/equipa/sc-livramento/10854
SC Moitense,https://www.zerozero.pt/equipa/sc-moitense/333139
SC Sanjoanense,https://www.zerozero.pt/equipa/sc-sanjoanense/10857
SC Serra,https://www.zerozero.pt/equipa/sc-serra/18055
SC Torres,https://www.zerozero.pt/equipa/sc-torres/217705
SF Alunos Esperança,https://www.zerozero.pt/equipa/sf-alunos-esperanca/311511
SF João Rodrigues Cordeiro,https://www.zerozero.pt/equipa/sf-joao-rodrigues-cordeiro/310548
SFR Familiar Lameiras,https://www.zerozero.pt/equipa/sfr-familiar-lameiras/303298
SL Campo de Ourique,https://www.zerozero.pt/equipa/sl-campo-de-ourique/259421
SL Olivais,https://www.zerozero.pt/equipa/sl-olivais/3708
SL Os Onze,https://www.zerozero.pt/equipa/sl-os-onze/303517
SR A-do-Mourão,https://www.zerozero.pt/equipa/sr-a-do-mourao/311566
SR Beneficiência Montemor,https://www.zerozero.pt/equipa/sr-beneficiencia-montemor/303478
SR Povoense,https://www.zerozero.pt/equipa/sr-povoense/303167
SRD Negrais,https://www.zerozero.pt/equipa/srd-negrais/73847
SU Colarense,https://www.zerozero.pt/equipa/su-colarense/307409
Sabuguense,https://www.zerozero.pt/equipa/sabuguense/17107
Sacavenense,https://www.zerozero.pt/equipa/sacavenense/3644
Salesianos do Estoril,https://www.zerozero.pt/equipa/salesianos-do-estoril/88174
Santa Cruz,https://www.zerozero.pt/equipa/santa-cruz-fc/310791
Santa Engrácia,https://www.zerozero.pt/equipa/santa-engracia/287043
Santa Iria,https://www.zerozero.pt/equipa/santa-iria/10856
Santana,https://www.zerozero.pt/equipa/santana-fc/291464
Santar,https://www.zerozero.pt/equipa/santar-fc/311668
Santiago,https://www.zerozero.pt/equipa/santiago-fc/11209
Santo António Lisboa,https://www.zerozero.pt/equipa/santo-antonio-lisboa/10880
Santos Venda Nova,https://www.zerozero.pt/equipa/santos-venda-nova/310676
Sc Estribeiro,https://www.zerozero.pt/equipa/sc-estribeiro/311705
Sc Fortaleza,https://www.zerozero.pt/equipa/sc-fortaleza/303361
Sc Freixofeira,https://www.zerozero.pt/equipa/sc-freixofeira/318340
Sc Timor,https://www.zerozero.pt/equipa/sc-timor/311669
Sc Vila Facaia,https://www.zerozero.pt/equipa/sc-vila-facaia/320829
Sdr Albuguer,https://www.zerozero.pt/equipa/sdr-albuguer/303291
Serpa Pinto,https://www.zerozero.pt/equipa/serpa-pinto/287026
Serra da Silveira,https://www.zerozero.pt/equipa/serra-da-silveira/287028
Sfra Amadora,https://www.zerozero.pt/equipa/sfra-amadora/311722
Sib Voz Operário,https://www.zerozero.pt/equipa/sib-voz-operario/321215
Silveirenses,https://www.zerozero.pt/equipa/silveirenses/287049
Sintra Football,https://www.zerozero.pt/equipa/sintra-football/14484
Sintrense,https://www.zerozero.pt/equipa/sintrense/3655
Sl Alcântara,https://www.zerozero.pt/equipa/sl-alcantara/311591
Sobralense,https://www.zerozero.pt/equipa/sobralense/300684
Sobreirense,https://www.zerozero.pt/equipa/sobreirense/11169
Sobrena,https://www.zerozero.pt/equipa/sobrena/99748
Soc. Ordem Progresso,https://www.zerozero.pt/equipa/soc-ordem-progresso/311747
Soccer Cascais,https://www.zerozero.pt/equipa/soccer-cascais/114505
Sol Nasce Para Todos,https://www.zerozero.pt/equipa/sol-nasce-para-todos/287042
Sp. Lourel,https://www.zerozero.pt/equipa/sp-lourel/3958
Sport Benfica,https://www.zerozero.pt/equipa/sport-benfica/60381
Sport Benfica Corvense,https://www.zerozero.pt/equipa/sport-benfica-corvense/310785
Sport Bom Sucesso,https://www.zerozero.pt/equipa/sport-bom-sucesso/260465
Sport Ereira e Benfica,https://www.zerozero.pt/equipa/sport-ereira-e-benfica/335120
Sport Lisboa e Benfica,https://www.zerozero.pt/equipa/benfica/209904
Sport Lisboa e Campolide,https://www.zerozero.pt/equipa/sport-lisboa-e-campolide/310695
Sport Lisboa e Lapa,https://www.zerozero.pt/equipa/sport-lisboa-e-lapa/311544
Sport Luz e Fanhões,https://www.zerozero.pt/equipa/sport-luz-e-fanhoes/33109
Sport Queijas e Benfica,https://www.zerozero.pt/equipa/sport-queijas-e-benfica/103296
Sporting,https://www.zerozero.pt/equipa/sporting/23
Sporting,https://www.zerozero.pt/equipa/sporting/3660
Sporting da Torre,https://www.zerozero.pt/equipa/sporting-da-torre/61198
Sr Camarnal,https://www.zerozero.pt/equipa/sr-camarnal/311518
Sr Os Alegres Maceira,https://www.zerozero.pt/equipa/sr-os-alegres-maceira/318366
Sr Sta. Susana Sobral,https://www.zerozero.pt/equipa/sr-sta-susana-sobral/309539
Sr Vila Rei,https://www.zerozero.pt/equipa/sr-vila-rei/321843
Src Alapraia,https://www.zerozero.pt/equipa/src-alapraia/311682
São Brás,https://www.zerozero.pt/equipa/sao-bras/21416
São Domingos,https://www.zerozero.pt/equipa/sao-domingos-fc/310682
São João de Brito,https://www.zerozero.pt/equipa/sao-joao-de-brito/15573
São João de Deus,https://www.zerozero.pt/equipa/sao-joao-de-deus/103560
São Pedro,https://www.zerozero.pt/equipa/sao-pedro/11181
T. 1º Dez. Caparidense,https://www.zerozero.pt/equipa/t-1-dez-caparidense/318363
Talaíde,https://www.zerozero.pt/equipa/talaide/10878
Tarujense,https://www.zerozero.pt/equipa/tarujense-fc/321650
Tejolense,https://www.zerozero.pt/equipa/tejolense/331254
Tempo Novo Cche,https://www.zerozero.pt/equipa/tempo-novo-cche/310313
Tenente Valdez,https://www.zerozero.pt/equipa/tenente-valdez/12545
Tercena,https://www.zerozero.pt/equipa/tercena/287597
Tojeira,https://www.zerozero.pt/equipa/tojeira/244749
Torre Laranja,https://www.zerozero.pt/equipa/torre-laranja-fc/217736
Torreense,https://www.zerozero.pt/equipa/torreense/2178
Trj Chelense,https://www.zerozero.pt/equipa/trj-chelense/321683
Tunelense,https://www.zerozero.pt/equipa/tunelense/290031
Técnico,https://www.zerozero.pt/equipa/tecnico-fc/323311
U. Belenense,https://www.zerozero.pt/equipa/u-belenense/43977
U. Tires,https://www.zerozero.pt/equipa/u-tires/3882
U. Técnica,https://www.zerozero.pt/equipa/u-tecnica/58848
UC Curraleira,https://www.zerozero.pt/equipa/uc-curraleira/310229
UD Leiria,https://www.zerozero.pt/equipa/ud-leiria/17
UD Recreio,https://www.zerozero.pt/equipa/ud-recreio/11184
UDC Adoslouquense,https://www.zerozero.pt/equipa/udc-adoslouquense/311556
UDC Camarate,https://www.zerozero.pt/equipa/udc-camarate/244061
UDC Forte,https://www.zerozero.pt/equipa/udc-forte/330832
UDOB,https://www.zerozero.pt/equipa/udob/294721
UDR Santa Maria,https://www.zerozero.pt/equipa/udr-santa-maria/11194
UPVN,https://www.zerozero.pt/equipa/upvn/291140
UR Dafundo,https://www.zerozero.pt/equipa/ur-dafundo/303268
URD Arranhó,https://www.zerozero.pt/equipa/urd-arranho/17157
Uc Buraca,https://www.zerozero.pt/equipa/uc-buraca/310286
Ucdr Bairro São Carlos,https://www.zerozero.pt/equipa/ucdr-bairro-sao-carlos/303169
Ud Calica,https://www.zerozero.pt/equipa/ud-calica/311733
Ud Oliveirense,https://www.zerozero.pt/equipa/ud-oliveirense/2199
Ud Pontinha,https://www.zerozero.pt/equipa/ud-pontinha/310648
Ud Vila Rei,https://www.zerozero.pt/equipa/ud-vila-rei/311712
Udrc Sarge,https://www.zerozero.pt/equipa/udrc-sarge/310638
Uj Amadora,https://www.zerozero.pt/equipa/uj-amadora/321688
Unidos Glória,https://www.zerozero.pt/equipa/unidos-gloria/330428
Unidos Rc,https://www.zerozero.pt/equipa/unidos-rc/321659
Unidos de Arcena,https://www.zerozero.pt/equipa/unidos-de-arcena/286100
Unidos de Lisboa,https://www.zerozero.pt/equipa/unidos-de-lisboa/58100
Unidos do Cacém,https://www.zerozero.pt/equipa/unidos-do-cacem/303250
Univ. Católica Portuguesa,https://www.zerozero.pt/equipa/univ-catolica-portuguesa/307990
União Atalaia,https://www.zerozero.pt/equipa/uniao-atalaia/11176
União Dc,https://www.zerozero.pt/equipa/uniao-dc/310784
União Juv. Alverca,https://www.zerozero.pt/equipa/uniao-juv-alverca/47151
União Lisboa,https://www.zerozero.pt/equipa/uniao-lisboa/2198
União Mercês,https://www.zerozero.pt/equipa/uniao-merces/12716
União Outeirense,https://www.zerozero.pt/equipa/uniao-outeirense/36423
União Rana,https://www.zerozero.pt/equipa/uniao-rana/287589
União Recreativa Brandoense,https://www.zerozero.pt/equipa/uniao-recreativa-brandoense/303461
União dos Santos,https://www.zerozero.pt/equipa/uniao-dos-santos/217690
Urc Camarate,https://www.zerozero.pt/equipa/urc-camarate/321232
Utl 81 - Univ. Técn. Lisboa,https://www.zerozero.pt/equipa/utl-81-univ-tecn-lisboa/305850
Vale Formoso,https://www.zerozero.pt/equipa/vale-formoso-fc/321324
Valejas,https://www.zerozero.pt/equipa/valejas/330495
Varejense,https://www.zerozero.pt/equipa/varejense-/73330
Varejense,https://www.zerozero.pt/equipa/varejense-/287051
Varge Mondar,https://www.zerozero.pt/equipa/varge-mondar/334231
Vedetaremate,https://www.zerozero.pt/equipa/vedetaremate/95970
Veiga Ferreira,https://www.zerozero.pt/equipa/veiga-ferreira/277611
Venda do Pinheiro,https://www.zerozero.pt/equipa/venda-do-pinheiro/6393
Via Rara,https://www.zerozero.pt/equipa/via-rara/15891
Vila F. Rosário,https://www.zerozero.pt/equipa/vila-f-rosario/10853
Vila Saloia,https://www.zerozero.pt/equipa/vila-saloia/287046
Vila Verde,https://www.zerozero.pt/equipa/vila-verde/36531
Vilafranquense,https://www.zerozero.pt/equipa/vilafranquense/3674
Vit. Olivais,https://www.zerozero.pt/equipa/vit-olivais/312560
Vitral Roma Pub. Lda,https://www.zerozero.pt/equipa/vitral-roma-pub-lda/321551
Vitória,https://www.zerozero.pt/equipa/vitoria-fc/35
Vitória CL,https://www.zerozero.pt/equipa/vitoria-cl/11187
Vitória SC,https://www.zerozero.pt/equipa/vitoria_guimaraes/2469
Wsports Seven,https://www.zerozero.pt/equipa/wsports-seven/91215
Zambujalense,https://www.zerozero.pt/equipa/zambujalense/12791
Zambujeira e Serra,https://www.zerozero.pt/equipa/zambujeira-e-serra/21393
Zambujeiro,https://www.zerozero.pt/equipa/zambujeiro/16154
Águia Sc Campolide,https://www.zerozero.pt/equipa/aguia-sc-campolide/308352
Águias Alto Pina,https://www.zerozero.pt/equipa/aguias-alto-pina/308363
Águias Rc,https://www.zerozero.pt/equipa/aguias-rc/311681
Águias da Charneca,https://www.zerozero.pt/equipa/aguias-da-charneca/57315
Águias da Musgueira,https://www.zerozero.pt/equipa/aguias-da-musgueira/10224
Águias de Camarate,https://www.zerozero.pt/equipa/aguias-de-camarate/3908
